game_id,week,gameday,kickoff_et,away,home,network
2026_01_NE_SEA,1,2026-09-09,20:20,NE,SEA,
2026_01_SF_LA,1,2026-09-10,20:35,SF,LA,
2026_01_ATL_PIT,1,2026-09-13,13:00,ATL,PIT,
2026_01_BAL_IND,1,2026-09-13,13:00,BAL,IND,
2026_01_BUF_HOU,1,2026-09-13,13:00,BUF,HOU,
2026_01_CHI_CAR,1,2026-09-13,13:00,CHI,CAR,
2026_01_CLE_JAX,1,2026-09-13,13:00,CLE,JAX,
2026_01_NO_DET,1,2026-09-13,13:00,NO,DET,
2026_01_NYJ_TEN,1,2026-09-13,13:00,NYJ,TEN,
2026_01_TB_CIN,1,2026-09-13,13:00,TB,CIN,
2026_01_ARI_LAC,1,2026-09-13,16:25,ARI,LAC,
2026_01_GB_MIN,1,2026-09-13,16:25,GB,MIN,
2026_01_MIA_LV,1,2026-09-13,16:25,MIA,LV,
2026_01_WAS_PHI,1,2026-09-13,16:25,WAS,PHI,
2026_01_DAL_NYG,1,2026-09-13,20:20,DAL,NYG,
2026_01_DEN_KC,1,2026-09-14,20:15,DEN,KC,
2026_02_DET_BUF,2,2026-09-17,20:15,DET,BUF,
2026_02_CAR_ATL,2,2026-09-20,13:00,CAR,ATL,
2026_02_CIN_HOU,2,2026-09-20,13:00,CIN,HOU,
2026_02_CLE_TB,2,2026-09-20,13:00,CLE,TB,
2026_02_GB_NYJ,2,2026-09-20,13:00,GB,NYJ,
2026_02_MIN_CHI,2,2026-09-20,13:00,MIN,CHI,
2026_02_NO_BAL,2,2026-09-20,13:00,NO,BAL,
2026_02_PHI_TEN,2,2026-09-20,13:00,PHI,TEN,
2026_02_PIT_NE,2,2026-09-20,13:00,PIT,NE,
2026_02_JAX_DEN,2,2026-09-20,16:05,JAX,DEN,
2026_02_LV_LAC,2,2026-09-20,16:05,LV,LAC,
2026_02_MIA_SF,2,2026-09-20,16:25,MIA,SF,
2026_02_SEA_ARI,2,2026-09-20,16:25,SEA,ARI,
2026_02_WAS_DAL,2,2026-09-20,16:25,WAS,DAL,
2026_02_IND_KC,2,2026-09-20,20:20,IND,KC,
2026_02_NYG_LA,2,2026-09-21,20:15,NYG,LA,
2026_03_ATL_GB,3,2026-09-24,20:15,ATL,GB,
2026_03_CAR_CLE,3,2026-09-27,13:00,CAR,CLE,
2026_03_CIN_PIT,3,2026-09-27,13:00,CIN,PIT,
2026_03_HOU_IND,3,2026-09-27,13:00,HOU,IND,
2026_03_KC_MIA,3,2026-09-27,13:00,KC,MIA,
2026_03_LAC_BUF,3,2026-09-27,13:00,LAC,BUF,
2026_03_NE_JAX,3,2026-09-27,13:00,NE,JAX,
2026_03_NYJ_DET,3,2026-09-27,13:00,NYJ,DET,
2026_03_SEA_WAS,3,2026-09-27,13:00,SEA,WAS,
2026_03_TEN_NYG,3,2026-09-27,13:00,TEN,NYG,
2026_03_ARI_SF,3,2026-09-27,16:05,ARI,SF,
2026_03_MIN_TB,3,2026-09-27,16:05,MIN,TB,
2026_03_BAL_DAL,3,2026-09-27,16:25,BAL,DAL,
2026_03_LV_NO,3,2026-09-27,16:25,LV,NO,
2026_03_LA_DEN,3,2026-09-27,20:20,LA,DEN,
2026_03_PHI_CHI,3,2026-09-28,20:15,PHI,CHI,
2026_04_PIT_CLE,4,2026-10-01,20:15,PIT,CLE,Prime Video
2026_04_IND_WAS,4,2026-10-04,09:30,IND,WAS,NFL Network
2026_04_ARI_NYG,4,2026-10-04,13:00,ARI,NYG,CBS
2026_04_DAL_HOU,4,2026-10-04,13:00,DAL,HOU,FOX
2026_04_GB_TB,4,2026-10-04,13:00,GB,TB,FOX
2026_04_JAX_CIN,4,2026-10-04,13:00,JAX,CIN,CBS
2026_04_LA_PHI,4,2026-10-04,13:00,LA,PHI,FOX
2026_04_NE_BUF,4,2026-10-04,13:00,NE,BUF,CBS
2026_04_NYJ_CHI,4,2026-10-04,13:00,NYJ,CHI,FOX
2026_04_TEN_BAL,4,2026-10-04,13:00,TEN,BAL,CBS
2026_04_MIA_MIN,4,2026-10-04,16:05,MIA,MIN,FOX
2026_04_DEN_SF,4,2026-10-04,16:25,DEN,SF,CBS
2026_04_KC_LV,4,2026-10-04,16:25,KC,LV,CBS
2026_04_LAC_SEA,4,2026-10-04,16:25,LAC,SEA,CBS
2026_04_DET_CAR,4,2026-10-04,20:20,DET,CAR,NBC
2026_04_ATL_NO,4,2026-10-05,20:15,ATL,NO,ESPN/ABC
2026_05_TB_DAL,5,2026-10-08,20:15,TB,DAL,Prime Video
2026_05_PHI_JAX,5,2026-10-11,09:30,PHI,JAX,NFL Network
2026_05_CHI_GB,5,2026-10-11,13:00,CHI,GB,FOX
2026_05_CIN_MIA,5,2026-10-11,13:00,CIN,MIA,FOX
2026_05_CLE_NYJ,5,2026-10-11,13:00,CLE,NYJ,CBS
2026_05_HOU_TEN,5,2026-10-11,13:00,HOU,TEN,CBS
2026_05_IND_PIT,5,2026-10-11,13:00,IND,PIT,CBS
2026_05_LV_NE,5,2026-10-11,13:00,LV,NE,CBS
2026_05_MIN_NO,5,2026-10-11,13:00,MIN,NO,FOX
2026_05_NYG_WAS,5,2026-10-11,13:00,NYG,WAS,FOX
2026_05_DEN_LAC,5,2026-10-11,16:05,DEN,LAC,CBS
2026_05_DET_ARI,5,2026-10-11,16:25,DET,ARI,FOX
2026_05_SF_SEA,5,2026-10-11,16:25,SF,SEA,FOX
2026_05_BAL_ATL,5,2026-10-11,20:20,BAL,ATL,NBC
2026_05_BUF_LA,5,2026-10-12,20:15,BUF,LA,ABC
2026_06_SEA_DEN,6,2026-10-15,20:15,SEA,DEN,Prime Video
2026_06_HOU_JAX,6,2026-10-18,09:30,HOU,JAX,NFL Network
2026_06_BAL_CLE,6,2026-10-18,13:00,BAL,CLE,FOX
2026_06_CAR_PHI,6,2026-10-18,13:00,CAR,PHI,CBS
2026_06_CHI_ATL,6,2026-10-18,13:00,CHI,ATL,FOX
2026_06_NO_NYG,6,2026-10-18,13:00,NO,NYG,FOX
2026_06_NYJ_NE,6,2026-10-18,13:00,NYJ,NE,CBS
2026_06_PIT_TB,6,2026-10-18,13:00,PIT,TB,CBS
2026_06_TEN_IND,6,2026-10-18,13:00,TEN,IND,FOX
2026_06_ARI_LA,6,2026-10-18,16:05,ARI,LA,FOX
2026_06_BUF_LV,6,2026-10-18,16:25,BUF,LV,CBS
2026_06_LAC_KC,6,2026-10-18,16:25,LAC,KC,CBS
2026_06_DAL_GB,6,2026-10-18,20:20,DAL,GB,NBC
2026_06_WAS_SF,6,2026-10-19,20:15,WAS,SF,ABC
2026_07_NE_CHI,7,2026-10-22,20:15,NE,CHI,Prime Video
2026_07_PIT_NO,7,2026-10-25,09:30,PIT,NO,NFL Network
2026_07_CIN_BAL,7,2026-10-25,13:00,CIN,BAL,CBS
2026_07_CLE_TEN,7,2026-10-25,13:00,CLE,TEN,CBS
2026_07_IND_MIN,7,2026-10-25,13:00,IND,MIN,CBS
2026_07_MIA_NYJ,7,2026-10-25,13:00,MIA,NYJ,CBS
2026_07_NYG_HOU,7,2026-10-25,13:00,NYG,HOU,FOX
2026_07_SF_ATL,7,2026-10-25,13:00,SF,ATL,FOX
2026_07_TB_CAR,7,2026-10-25,13:00,TB,CAR,FOX
2026_07_DEN_ARI,7,2026-10-25,16:05,DEN,ARI,CBS
2026_07_GB_DET,7,2026-10-25,16:25,GB,DET,FOX
2026_07_LA_LV,7,2026-10-25,16:25,LA,LV,FOX
2026_07_KC_SEA,7,2026-10-25,20:20,KC,SEA,NBC
2026_07_DAL_PHI,7,2026-10-26,20:15,DAL,PHI,ABC
2026_08_CAR_GB,8,2026-10-29,20:15,CAR,GB,Prime Video
2026_08_ARI_DAL,8,2026-11-01,13:00,ARI,DAL,FOX
2026_08_ATL_TB,8,2026-11-01,13:00,ATL,TB,FOX
2026_08_BAL_BUF,8,2026-11-01,13:00,BAL,BUF,CBS
2026_08_CLE_PIT,8,2026-11-01,13:00,CLE,PIT,CBS
2026_08_IND_JAX,8,2026-11-01,13:00,IND,JAX,CBS
2026_08_LV_NYJ,8,2026-11-01,13:00,LV,NYJ,FOX
2026_08_MIN_DET,8,2026-11-01,13:00,MIN,DET,FOX
2026_08_TEN_CIN,8,2026-11-01,13:00,TEN,CIN,CBS
2026_08_LAC_LA,8,2026-11-01,16:05,LAC,LA,FOX
2026_08_KC_DEN,8,2026-11-01,16:25,KC,DEN,CBS
2026_08_NE_MIA,8,2026-11-01,16:25,NE,MIA,CBS
2026_08_PHI_WAS,8,2026-11-01,20:20,PHI,WAS,NBC
2026_08_CHI_SEA,8,2026-11-02,20:15,CHI,SEA,ESPN
2026_09_JAX_BAL,9,2026-11-05,20:15,JAX,BAL,Prime Video
2026_09_CIN_ATL,9,2026-11-08,09:30,CIN,ATL,NFL Network
2026_09_CLE_NO,9,2026-11-08,13:00,CLE,NO,CBS
2026_09_DAL_IND,9,2026-11-08,13:00,DAL,IND,FOX
2026_09_DEN_CAR,9,2026-11-08,13:00,DEN,CAR,CBS
2026_09_DET_MIA,9,2026-11-08,13:00,DET,MIA,FOX
2026_09_LA_WAS,9,2026-11-08,13:00,LA,WAS,FOX
2026_09_NYG_PHI,9,2026-11-08,13:00,NYG,PHI,FOX
2026_09_NYJ_KC,9,2026-11-08,13:00,NYJ,KC,CBS
2026_09_HOU_LAC,9,2026-11-08,16:05,HOU,LAC,CBS
2026_09_LV_SF,9,2026-11-08,16:05,LV,SF,CBS
2026_09_ARI_SEA,9,2026-11-08,16:25,ARI,SEA,FOX
2026_09_GB_NE,9,2026-11-08,16:25,GB,NE,FOX
2026_09_TB_CHI,9,2026-11-08,20:20,TB,CHI,NBC
2026_09_BUF_MIN,9,2026-11-09,20:15,BUF,MIN,ABC
2026_10_WAS_NYG,10,2026-11-12,20:15,WAS,NYG,Prime Video
2026_10_NE_DET,10,2026-11-15,09:30,NE,DET,FOX
2026_10_BUF_NYJ,10,2026-11-15,13:00,BUF,NYJ,CBS
2026_10_CAR_NO,10,2026-11-15,13:00,CAR,NO,FOX
2026_10_HOU_CLE,10,2026-11-15,13:00,HOU,CLE,FOX
2026_10_JAX_TEN,10,2026-11-15,13:00,JAX,TEN,FOX
2026_10_KC_ATL,10,2026-11-15,13:00,KC,ATL,CBS
2026_10_MIA_IND,10,2026-11-15,13:00,MIA,IND,CBS
2026_10_MIN_GB,10,2026-11-15,13:00,MIN,GB,FOX
2026_10_LA_ARI,10,2026-11-15,16:05,LA,ARI,CBS
2026_10_SEA_LV,10,2026-11-15,16:05,SEA,LV,CBS
2026_10_SF_DAL,10,2026-11-15,16:25,SF,DAL,FOX
2026_10_PIT_CIN,10,2026-11-15,20:20,PIT,CIN,NBC
2026_10_LAC_BAL,10,2026-11-16,20:15,LAC,BAL,ESPN
2026_11_IND_HOU,11,2026-11-19,20:15,IND,HOU,Prime Video
2026_11_ARI_KC,11,2026-11-22,13:00,ARI,KC,CBS
2026_11_BAL_CAR,11,2026-11-22,13:00,BAL,CAR,FOX
2026_11_JAX_NYG,11,2026-11-22,13:00,JAX,NYG,CBS
2026_11_MIA_BUF,11,2026-11-22,13:00,MIA,BUF,FOX
2026_11_NO_CHI,11,2026-11-22,13:00,NO,CHI,FOX
2026_11_TB_DET,11,2026-11-22,13:00,TB,DET,CBS
2026_11_TEN_DAL,11,2026-11-22,13:00,TEN,DAL,FOX
2026_11_NYJ_LAC,11,2026-11-22,16:05,NYJ,LAC,FOX
2026_11_LV_DEN,11,2026-11-22,16:25,LV,DEN,CBS
2026_11_PIT_PHI,11,2026-11-22,16:25,PIT,PHI,CBS
2026_11_MIN_SF,11,2026-11-22,20:20,MIN,SF,NBC
2026_11_CIN_WAS,11,2026-11-23,20:15,CIN,WAS,ESPN
2026_12_GB_LA,12,2026-11-25,20:00,GB,LA,Netflix
2026_12_CHI_DET,12,2026-11-26,13:00,CHI,DET,CBS
2026_12_PHI_DAL,12,2026-11-26,16:30,PHI,DAL,FOX
2026_12_KC_BUF,12,2026-11-26,20:20,KC,BUF,NBC
2026_12_DEN_PIT,12,2026-11-27,15:00,DEN,PIT,Prime Video
2026_12_ATL_MIN,12,2026-11-29,13:00,ATL,MIN,FOX
2026_12_BAL_HOU,12,2026-11-29,13:00,BAL,HOU,CBS
2026_12_LV_CLE,12,2026-11-29,13:00,LV,CLE,FOX
2026_12_NO_CIN,12,2026-11-29,13:00,NO,CIN,CBS
2026_12_NYG_IND,12,2026-11-29,13:00,NYG,IND,FOX
2026_12_NYJ_MIA,12,2026-11-29,13:00,NYJ,MIA,CBS
2026_12_TEN_JAX,12,2026-11-29,16:05,TEN,JAX,CBS
2026_12_SEA_SF,12,2026-11-29,16:25,SEA,SF,FOX
2026_12_WAS_ARI,12,2026-11-29,16:25,WAS,ARI,FOX
2026_12_NE_LAC,12,2026-11-29,20:20,NE,LAC,NBC
2026_12_CAR_TB,12,2026-11-30,20:15,CAR,TB,ESPN
2026_13_KC_LA,13,2026-12-03,20:15,KC,LA,Prime Video
2026_13_CIN_CLE,13,2026-12-06,13:00,CIN,CLE,CBS
2026_13_DET_ATL,13,2026-12-06,13:00,DET,ATL,CBS
2026_13_GB_NO,13,2026-12-06,13:00,GB,NO,FOX
2026_13_JAX_CHI,13,2026-12-06,13:00,JAX,CHI,FOX
2026_13_LAC_TB,13,2026-12-06,13:00,LAC,TB,CBS
2026_13_SF_NYG,13,2026-12-06,13:00,SF,NYG,FOX
2026_13_WAS_TEN,13,2026-12-06,13:00,WAS,TEN,CBS
2026_13_MIA_DEN,13,2026-12-06,16:05,MIA,DEN,FOX
2026_13_PHI_ARI,13,2026-12-06,16:05,PHI,ARI,FOX
2026_13_BUF_NE,13,2026-12-06,16:25,BUF,NE,CBS
2026_13_CAR_MIN,13,2026-12-06,16:25,CAR,MIN,CBS
2026_13_HOU_PIT,13,2026-12-06,20:20,HOU,PIT,NBC
2026_13_DAL_SEA,13,2026-12-07,20:15,DAL,SEA,ABC
2026_14_MIN_NE,14,2026-12-10,20:15,MIN,NE,Prime Video
2026_14_ATL_CLE,14,2026-12-13,13:00,ATL,CLE,CBS
2026_14_CHI_MIA,14,2026-12-13,13:00,CHI,MIA,CBS
2026_14_DEN_NYJ,14,2026-12-13,13:00,DEN,NYJ,CBS
2026_14_HOU_WAS,14,2026-12-13,13:00,HOU,WAS,CBS
2026_14_IND_PHI,14,2026-12-13,13:00,IND,PHI,FOX
2026_14_NO_CAR,14,2026-12-13,13:00,NO,CAR,CBS
2026_14_TB_BAL,14,2026-12-13,13:00,TB,BAL,FOX
2026_14_TEN_DET,14,2026-12-13,13:00,TEN,DET,FOX
2026_14_LAC_LV,14,2026-12-13,16:05,LAC,LV,CBS
2026_14_KC_CIN,14,2026-12-13,16:25,KC,CIN,FOX
2026_14_LA_SF,14,2026-12-13,16:25,LA,SF,FOX
2026_14_NYG_SEA,14,2026-12-13,16:25,NYG,SEA,FOX
2026_14_BUF_GB,14,2026-12-13,20:20,BUF,GB,NBC
2026_14_PIT_JAX,14,2026-12-14,20:15,PIT,JAX,ESPN
2026_15_SF_LAC,15,2026-12-17,20:15,SF,LAC,Prime Video
2026_15_SEA_PHI,15,2026-12-19,17:00,SEA,PHI,FOX
2026_15_CHI_BUF,15,2026-12-19,20:20,CHI,BUF,CBS
2026_15_ATL_WAS,15,2026-12-20,13:00,ATL,WAS,FOX
2026_15_BAL_PIT,15,2026-12-20,13:00,BAL,PIT,CBS
2026_15_CIN_CAR,15,2026-12-20,13:00,CIN,CAR,FOX
2026_15_CLE_NYG,15,2026-12-20,13:00,CLE,NYG,CBS
2026_15_IND_TEN,15,2026-12-20,13:00,IND,TEN,CBS
2026_15_JAX_HOU,15,2026-12-20,13:00,JAX,HOU,CBS
2026_15_MIA_GB,15,2026-12-20,13:00,MIA,GB,FOX
2026_15_NO_TB,15,2026-12-20,13:00,NO,TB,FOX
2026_15_NYJ_ARI,15,2026-12-20,16:05,NYJ,ARI,FOX
2026_15_DAL_LA,15,2026-12-20,16:25,DAL,LA,CBS
2026_15_DEN_LV,15,2026-12-20,16:25,DEN,LV,CBS
2026_15_DET_MIN,15,2026-12-20,20:20,DET,MIN,NBC
2026_15_NE_KC,15,2026-12-21,20:15,NE,KC,ABC
2026_16_HOU_PHI,16,2026-12-24,20:15,HOU,PHI,Prime Video
2026_16_GB_CHI,16,2026-12-25,13:00,GB,CHI,Netflix
2026_16_BUF_DEN,16,2026-12-25,16:30,BUF,DEN,Netflix
2026_16_LA_SEA,16,2026-12-25,20:15,LA,SEA,FOX
2026_16_ARI_NO,16,2026-12-27,13:00,ARI,NO,FOX
2026_16_CAR_PIT,16,2026-12-27,13:00,CAR,PIT,
2026_16_CIN_IND,16,2026-12-27,13:00,CIN,IND,
2026_16_CLE_BAL,16,2026-12-27,13:00,CLE,BAL,CBS
2026_16_LAC_MIA,16,2026-12-27,13:00,LAC,MIA,FOX
2026_16_NE_NYJ,16,2026-12-27,13:00,NE,NYJ,CBS
2026_16_TB_ATL,16,2026-12-27,13:00,TB,ATL,
2026_16_WAS_MIN,16,2026-12-27,13:00,WAS,MIN,
2026_16_TEN_LV,16,2026-12-27,16:05,TEN,LV,FOX
2026_16_SF_KC,16,2026-12-27,16:25,SF,KC,CBS
2026_16_JAX_DAL,16,2026-12-27,20:20,JAX,DAL,NBC
2026_16_NYG_DET,16,2026-12-28,20:15,NYG,DET,ESPN
2026_17_BAL_CIN,17,2026-12-31,20:15,BAL,CIN,Prime Video
2026_17_BUF_MIA,17,2027-01-03,13:00,BUF,MIA,CBS
2026_17_DEN_NE,17,2027-01-03,13:00,DEN,NE,
2026_17_IND_CLE,17,2027-01-03,13:00,IND,CLE,FOX
2026_17_KC_LAC,17,2027-01-03,13:00,KC,LAC,
2026_17_LA_TB,17,2027-01-03,13:00,LA,TB,
2026_17_MIN_NYJ,17,2027-01-03,13:00,MIN,NYJ,CBS
2026_17_NO_ATL,17,2027-01-03,13:00,NO,ATL,FOX
2026_17_NYG_DAL,17,2027-01-03,13:00,NYG,DAL,FOX
2026_17_PIT_TEN,17,2027-01-03,13:00,PIT,TEN,CBS
2026_17_SEA_CAR,17,2027-01-03,13:00,SEA,CAR,FOX
2026_17_WAS_JAX,17,2027-01-03,13:00,WAS,JAX,
2026_17_LV_ARI,17,2027-01-03,16:05,LV,ARI,CBS
2026_17_DET_CHI,17,2027-01-03,16:25,DET,CHI,FOX
2026_17_PHI_SF,17,2027-01-03,20:20,PHI,SF,NBC
2026_17_HOU_GB,17,2027-01-04,20:15,HOU,GB,ESPN
2026_18_ATL_CAR,18,2027-01-10,13:00,ATL,CAR,
2026_18_CHI_MIN,18,2027-01-10,13:00,CHI,MIN,
2026_18_CLE_CIN,18,2027-01-10,13:00,CLE,CIN,
2026_18_DAL_WAS,18,2027-01-10,13:00,DAL,WAS,
2026_18_DET_GB,18,2027-01-10,13:00,DET,GB,
2026_18_JAX_IND,18,2027-01-10,13:00,JAX,IND,
2026_18_LAC_DEN,18,2027-01-10,13:00,LAC,DEN,
2026_18_LV_KC,18,2027-01-10,13:00,LV,KC,
2026_18_MIA_NE,18,2027-01-10,13:00,MIA,NE,
2026_18_NYJ_BUF,18,2027-01-10,13:00,NYJ,BUF,
2026_18_PHI_NYG,18,2027-01-10,13:00,PHI,NYG,
2026_18_PIT_BAL,18,2027-01-10,13:00,PIT,BAL,
2026_18_SEA_LA,18,2027-01-10,13:00,SEA,LA,
2026_18_SF_ARI,18,2027-01-10,13:00,SF,ARI,
2026_18_TB_NO,18,2027-01-10,13:00,TB,NO,
2026_18_TEN_HOU,18,2027-01-10,13:00,TEN,HOU,
